City_ID,City,Country,Date,Lat,Lng,Max Temp,Humidity,Cloudiness,Wind Speed
0,Hilo,US,2022-02-03 02:25:00,19.7297,-155.09,77.25,78,100,11.5
1,Ushuaia,AR,2022-02-03 02:20:33,-54.8,-68.3,42.46,61,75,20.71
2,Rikitea,PF,2022-02-03 02:21:43,-23.1203,-134.9692,78.55,74,89,8.79
3,Lingao,CN,2022-02-03 02:25:01,19.9103,109.6859,58.03,87,100,9.51
4,East London,ZA,2022-02-03 02:25:01,-33.0153,27.9116,73.96,93,99,7.87
5,Mataura,NZ,2022-02-03 02:25:02,-46.1927,168.8643,58.48,83,100,4.52
6,Ishim,RU,2022-02-03 02:25:02,56.1128,69.4902,9.73,97,79,7.7
7,Filingue,NE,2022-02-03 02:25:02,14.3521,3.3168,64.18,14,0,9.91
8,Jamestown,US,2022-02-03 02:25:03,42.097,-79.2353,38.52,60,100,4.0
9,Kapaa,US,2022-02-03 02:25:03,22.0752,-159.319,79.12,68,0,1.01
10,Lorengau,PG,2022-02-03 02:20:32,-2.0226,147.2712,78.22,84,100,7.58
11,Khatanga,RU,2022-02-03 02:24:14,71.9667,102.5,-35.68,99,35,2.19
12,Srednekolymsk,RU,2022-02-03 02:25:04,67.45,153.6833,-22.5,98,100,2.04
13,Hasaki,JP,2022-02-03 02:20:45,35.7333,140.8333,50.29,40,100,8.88
14,Pevek,RU,2022-02-03 02:25:04,69.7008,170.3133,-6.36,73,2,3.91
15,Nikolskoye,RU,2022-02-03 02:25:04,59.7035,30.7861,17.49,100,94,1.63
16,Hobart,AU,2022-02-03 02:25:05,-42.8794,147.3294,63.05,76,75,4.0
17,Khudumelapye,BW,2022-02-03 02:25:05,-23.8833,24.75,73.87,67,90,5.66
18,Awbari,LY,2022-02-03 02:25:06,26.5921,12.7805,42.46,49,0,8.77
19,Norman Wells,CA,2022-02-03 02:25:06,65.282,-126.8329,-27.36,68,75,2.3
20,Kasongo-Lunda,CD,2022-02-03 02:25:06,-6.4667,16.8167,69.3,98,100,0.74
21,Castro,BR,2022-02-03 02:25:07,-24.7911,-50.0119,63.0,98,2,6.06
22,Hithadhoo,MV,2022-02-03 02:25:07,-0.6,73.0833,81.36,70,8,3.27
23,Coihaique,CL,2022-02-03 02:25:07,-45.5752,-72.0662,58.95,77,100,6.91
24,Coari,BR,2022-02-03 02:25:08,-4.085,-63.1414,74.12,98,100,2.44
25,Cabo San Lucas,MX,2022-02-03 02:21:13,22.8909,-109.9124,71.51,69,100,1.99
26,Wawa,NG,2022-02-03 02:25:08,9.9022,4.4192,71.91,20,28,7.43
27,Hovd,MN,2022-02-03 02:24:36,48.0056,91.6419,-5.73,96,89,1.77
28,Molteno,ZA,2022-02-03 02:25:09,-31.3968,26.3625,62.96,91,51,7.34
29,Punta Arenas,CL,2022-02-03 02:25:09,-53.15,-70.9167,46.51,76,75,5.75
30,Dickson,US,2022-02-03 02:25:09,36.077,-87.3878,53.94,82,100,1.99
31,Lompoc,US,2022-02-03 02:25:10,34.6391,-120.4579,57.51,52,0,12.66
32,Lebu,CL,2022-02-03 02:25:10,-37.6167,-73.65,59.9,89,83,10.45
33,Kodiak,US,2022-02-03 02:25:10,57.79,-152.4072,38.71,87,100,13.8
34,Kathmandu,NP,2022-02-03 02:25:11,27.7167,85.3167,41.22,100,20,3.44
35,Vaini,TO,2022-02-03 02:25:11,-21.2,-175.2,86.16,74,20,8.05
36,Tasiilaq,GL,2022-02-03 02:25:11,65.6145,-37.6368,10.56,79,97,6.42
37,Kaitangata,NZ,2022-02-03 02:20:40,-46.2817,169.8464,53.71,96,100,3.58
38,Namatanai,PG,2022-02-03 02:25:12,-3.6667,152.4333,78.89,84,100,8.21
39,Busselton,AU,2022-02-03 02:25:12,-33.65,115.3333,81.05,35,76,13.24
40,Swan Hill,AU,2022-02-03 02:25:12,-35.3378,143.5544,73.96,28,0,15.12
41,Hermanus,ZA,2022-02-03 02:25:13,-34.4187,19.2345,65.89,84,0,10.74
42,Cape Town,ZA,2022-02-03 02:25:13,-33.9258,18.4232,66.61,87,40,3.0
43,Anchorage,US,2022-02-03 02:25:13,61.2181,-149.9003,20.32,83,0,3.0
44,Salalah,OM,2022-02-03 02:25:14,17.0151,54.0924,75.29,23,0,6.91
45,Arraial Do Cabo,BR,2022-02-03 02:23:54,-22.9661,-42.0278,75.4,88,100,4.12
46,Thompson,CA,2022-02-03 02:25:14,55.7435,-97.8558,-14.64,76,20,13.8
47,Bambous Virieux,MU,2022-02-03 02:26:15,-20.3428,57.7575,79.21,94,75,25.32
48,Tibati,CM,2022-02-03 02:26:15,6.4667,12.6333,64.85,27,94,2.53
49,Zheshart,RU,2022-02-03 02:26:15,62.0731,49.5733,21.02,95,100,6.44
50,Salinopolis,BR,2022-02-03 02:26:16,-0.6136,-47.3561,78.64,86,99,10.83
51,Broken Hill,AU,2022-02-03 02:26:16,-31.95,141.4333,69.51,35,0,23.02
52,Butaritari,KI,2022-02-03 02:26:17,3.0707,172.7902,81.7,78,100,15.68
53,Bluff,NZ,2022-02-03 02:26:17,-46.6,168.3333,58.8,63,100,16.87
54,Hami,CN,2022-02-03 02:26:17,42.8,93.45,22.19,37,93,0.76
55,Lixourion,GR,2022-02-03 02:26:18,38.2019,20.4314,49.5,52,0,22.15
56,Mopipi,BW,2022-02-03 02:26:18,-21.1833,24.8833,75.97,71,33,5.53
57,Belyy Yar,RU,2022-02-03 02:26:18,53.6039,91.3903,-19.14,91,40,2.24
58,Guaruja,BR,2022-02-03 02:26:18,-23.9931,-46.2564,78.4,26,100,1.01
59,Sao Joao Da Barra,BR,2022-02-03 02:26:19,-21.6403,-41.0511,74.21,92,100,7.63
60,Lavrentiya,RU,2022-02-03 02:26:19,65.5833,-171.0,1.36,64,1,21.3
61,Luderitz,NA,2022-02-03 02:26:19,-26.6481,15.1594,67.53,79,66,4.23
62,Ballina,AU,2022-02-03 02:26:20,-28.8667,153.5667,73.44,100,75,9.22
63,Eldorado,BR,2022-02-03 02:26:20,-23.7869,-54.2836,76.21,80,10,9.95
64,Merauke,ID,2022-02-03 02:26:20,-8.4667,140.3333,84.2,63,100,9.89
65,Albany,US,2022-02-03 02:23:14,42.6001,-73.9662,41.81,82,100,4.07
66,Lhokseumawe,ID,2022-02-03 02:26:21,5.1801,97.1507,79.75,80,6,2.46
67,Parabel,RU,2022-02-03 02:26:21,58.6978,81.4825,13.37,91,100,9.57
68,Port Elizabeth,ZA,2022-02-03 02:21:58,-33.918,25.5701,71.1,88,75,14.97
69,Innisfail,AU,2022-02-03 02:26:22,-17.5333,146.0333,93.22,59,100,0.74
70,Sao Felix Do Xingu,BR,2022-02-03 02:26:22,-6.6447,-51.995,71.26,97,48,1.39
71,Makakilo City,US,2022-02-03 02:26:22,21.3469,-158.0858,79.12,59,20,9.22
72,Khandbari,NP,2022-02-03 02:26:22,27.3747,87.2039,50.13,66,49,1.05
73,Avarua,CK,2022-02-03 02:26:23,-21.2078,-159.775,84.25,74,75,17.27
74,Qaanaaq,GL,2022-02-03 02:26:23,77.484,-69.3632,-10.62,82,100,6.8
75,Haines Junction,CA,2022-02-03 02:26:23,60.7522,-137.5108,-11.25,77,100,2.3
76,Saskylakh,RU,2022-02-03 02:26:24,71.9167,114.0833,-31.94,100,17,2.89
77,Chibombo,ZM,2022-02-03 02:26:24,-14.6569,28.0706,63.82,98,100,3.65
78,Woodlyn,US,2022-02-03 02:26:25,39.8723,-75.3371,41.32,89,100,2.73
79,Biak,ID,2022-02-03 02:26:25,-0.9131,122.8766,83.16,62,100,1.3
80,Trabzon,TR,2022-02-03 02:26:25,40.9167,39.8333,59.09,25,0,16.11
81,Kununurra,AU,2022-02-03 02:26:26,-15.7667,128.7333,85.98,66,40,6.91
82,New Norfolk,AU,2022-02-03 02:26:26,-42.7826,147.0587,63.91,78,96,5.21
83,Kyaukse,MM,2022-02-03 02:26:26,21.6,96.1333,55.4,88,20,0.0
84,Richards Bay,ZA,2022-02-03 02:26:27,-28.783,32.0377,75.9,84,2,15.28
85,Ilulissat,GL,2022-02-03 02:26:27,69.2167,-51.1,1.42,46,20,28.77
86,Vetluga,RU,2022-02-03 02:26:27,57.8557,45.781,3.94,100,99,4.25
87,Bocanda,CI,2022-02-03 02:26:28,7.0626,-4.4995,69.12,18,34,2.15
88,Sooke,CA,2022-02-03 02:26:28,48.3746,-123.7276,42.37,95,100,13.8
89,La Palma Del Condado,ES,2022-02-03 02:26:28,37.3861,-6.5523,51.22,58,83,3.69
90,Bethel,US,2022-02-03 02:26:29,41.3712,-73.414,39.33,89,100,0.0
91,Gold Coast,AU,2022-02-03 02:25:01,-28.0,153.4333,83.19,85,100,4.0
92,Sinnamary,GF,2022-02-03 02:27:29,5.3833,-52.95,77.9,82,100,10.71
93,Tuatapere,NZ,2022-02-03 02:27:30,-46.1333,167.6833,58.82,66,100,9.37
94,Indianola,US,2022-02-03 02:27:30,41.3581,-93.5574,7.29,72,100,15.03
95,Karratha,AU,2022-02-03 02:27:30,-20.7377,116.8463,88.56,54,46,11.1
96,Isparta,TR,2022-02-03 02:27:31,38.0,31.0,34.56,95,100,10.0
97,Ekibastuz,KZ,2022-02-03 02:27:31,51.6667,75.3667,10.31,90,100,6.35
98,Sault Sainte Marie,CA,2022-02-03 02:24:03,46.5168,-84.3333,16.36,67,100,8.05
99,Tiksi,RU,2022-02-03 02:27:31,71.6872,128.8694,-3.53,93,100,11.05
100,Ixtapa,MX,2022-02-03 02:27:32,20.7,-105.2,70.83,68,0,4.61
101,San Vicente,AR,2022-02-03 02:27:32,-26.6167,-54.1333,72.46,63,4,2.73
102,Sorland,NO,2022-02-03 02:27:32,67.667,12.6934,27.75,58,100,10.31
103,Andenes,NO,2022-02-03 02:27:33,69.3143,16.1194,22.98,63,6,19.57
104,Barrow,US,2022-02-03 02:27:33,71.2906,-156.7887,-20.18,69,75,0.0
105,Gamba,GA,2022-02-03 02:27:33,-2.65,10.0,76.53,86,100,4.52
106,Dunedin,NZ,2022-02-03 02:27:34,-45.8742,170.5036,59.81,90,100,4.0
107,Yulara,AU,2022-02-03 02:27:34,-25.2406,130.9889,73.24,43,100,16.11
108,Alice Springs,AU,2022-02-03 02:27:34,-23.7,133.8833,71.15,60,100,16.11
109,Banda Aceh,ID,2022-02-03 02:25:02,5.5577,95.3222,80.85,78,14,9.82
110,Odessa,UA,2022-02-03 02:27:35,46.4775,30.7326,30.13,100,100,0.0
111,Xining,CN,2022-02-03 02:23:39,36.6167,101.7667,15.37,52,4,2.28
112,Victoria,HK,2022-02-03 02:27:25,22.2855,114.1577,56.32,80,100,1.01
113,Yellowknife,CA,2022-02-03 02:27:35,62.456,-114.3525,-28.71,83,20,5.75
114,Mandaon,PH,2022-02-03 02:27:35,12.2259,123.2842,82.33,74,74,16.51
115,Pecos,US,2022-02-03 02:27:36,31.4229,-103.4932,30.29,86,100,13.8
116,Kazachinskoye,RU,2022-02-03 02:27:36,57.6953,93.2761,-10.43,100,77,2.73
117,Geraldton,AU,2022-02-03 02:27:37,-28.7667,114.6,99.01,12,0,28.77
118,Puerto Ayora,EC,2022-02-03 02:27:37,-0.7393,-90.3518,74.55,93,0,1.99
119,Vestmannaeyjar,IS,2022-02-03 02:27:37,63.4427,-20.2734,30.02,78,99,13.24
120,Ashland,US,2022-02-03 02:23:16,40.8167,-82.2665,39.27,97,100,5.95
121,Mahebourg,MU,2022-02-03 02:27:38,-20.4081,57.7,79.25,94,75,25.32
122,Pangnirtung,CA,2022-02-03 02:27:38,66.1451,-65.7125,5.81,85,100,7.7
123,Prado,BR,2022-02-03 02:27:38,-17.3411,-39.2208,77.22,86,38,6.26
124,Waitati,NZ,2022-02-03 02:27:38,-45.75,170.5667,59.81,90,100,5.32
125,Torbay,CA,2022-02-03 02:27:39,47.6666,-52.7314,23.29,92,20,10.36
126,Kavieng,PG,2022-02-03 02:23:32,-2.5744,150.7967,79.5,82,100,14.32
127,Atuona,PF,2022-02-03 02:27:29,-9.8,-139.0333,78.31,78,100,15.88
128,Buraydah,SA,2022-02-03 02:23:36,26.326,43.975,48.65,38,0,9.6
129,Touros,BR,2022-02-03 02:27:39,-5.1989,-35.4608,79.7,77,49,11.45
130,Altay,CN,2022-02-03 02:27:40,47.8667,88.1167,3.72,72,9,6.33
131,Bathsheba,BB,2022-02-03 02:27:40,13.2167,-59.5167,77.61,78,40,19.57
132,San Policarpo,PH,2022-02-03 02:27:40,12.1791,125.5072,80.33,83,99,15.52
133,Lagoa,PT,2022-02-03 02:27:41,39.05,-27.9833,57.67,72,3,3.69
134,Guerrero Negro,MX,2022-02-03 02:27:41,27.9769,-114.0611,61.43,30,0,16.71
135,Clyde River,CA,2022-02-03 02:28:41,70.4692,-68.5914,-16.37,76,100,17.27
136,Brae,GB,2022-02-03 02:28:41,60.3964,-1.353,44.51,95,100,12.26
137,Bourail,NC,2022-02-03 02:28:42,-21.5667,165.4833,87.57,56,1,6.13
138,The Valley,AI,2022-02-03 02:28:42,18.217,-63.0578,78.66,75,2,16.04
139,Nome,US,2022-02-03 02:24:03,64.5011,-165.4064,10.47,57,0,32.21
140,Mount Gambier,AU,2022-02-03 02:28:43,-37.8333,140.7667,64.31,52,100,18.41
141,Gagnoa,CI,2022-02-03 02:28:43,6.1293,-5.9437,69.33,93,29,2.19
142,Ponta Do Sol,PT,2022-02-03 02:28:43,32.6667,-17.1,67.71,79,100,11.27
143,Cherskiy,RU,2022-02-03 02:28:43,68.75,161.3,-15.86,75,68,2.06
144,Santa Maria,BR,2022-02-03 02:25:02,-29.6842,-53.8069,76.3,78,0,10.36
145,Lata,PT,2022-02-03 02:28:44,40.1629,-8.3327,45.05,77,92,1.03
146,Nakhon Thai,TH,2022-02-03 02:28:44,17.1006,100.8374,78.71,62,35,1.72
147,Laje,BR,2022-02-03 02:28:45,-10.1833,-40.9667,71.44,67,47,2.62
148,Faanui,PF,2022-02-03 02:28:45,-16.4833,-151.75,81.37,76,11,18.25
149,Severo-Kurilsk,RU,2022-02-03 02:23:58,50.6789,156.125,30.67,77,100,10.29
150,Turukhansk,RU,2022-02-03 02:28:45,65.8167,87.9833,-11.96,99,54,6.76
151,Monrovia,LR,2022-02-03 02:28:42,6.3005,-10.7969,74.97,84,17,2.42
152,Te Anau,NZ,2022-02-03 02:28:46,-45.4167,167.7167,60.93,79,100,3.87
153,Yar-Sale,RU,2022-02-03 02:28:46,66.8333,70.8333,4.66,96,100,10.92
154,Tocache,PE,2022-02-03 02:28:47,-8.1842,-76.5125,71.49,89,94,0.96
155,Manokwari,ID,2022-02-03 02:28:47,-0.8667,134.0833,80.8,76,84,4.97
156,Port Alfred,ZA,2022-02-03 02:28:47,-33.5906,26.891,73.29,92,85,9.48
157,Horki,BY,2022-02-03 02:28:48,54.2861,30.9842,23.79,97,100,3.96
158,Klaksvik,FO,2022-02-03 02:28:48,62.2266,-6.589,40.12,83,100,8.61
159,San Cristobal,VE,2022-02-03 02:28:48,7.7669,-72.225,73.58,60,8,1.86
160,Brokopondo,SR,2022-02-03 02:28:48,4.75,-55.1667,75.27,88,100,8.39
161,Carnarvon,AU,2022-02-03 02:28:49,-24.8667,113.6333,98.67,26,6,17.27
162,Hambantota,LK,2022-02-03 02:28:49,6.1241,81.1185,73.74,94,20,3.44
163,Burnie,AU,2022-02-03 02:28:49,-41.0667,145.9167,71.92,49,62,10.6
164,Kirovskiy,RU,2022-02-03 02:28:50,45.0917,133.5136,5.61,87,100,7.7
165,Moree,AU,2022-02-03 02:28:50,-29.4667,149.85,75.22,83,75,12.66
166,Dikson,RU,2022-02-03 02:28:50,73.5069,80.5464,-5.93,96,100,13.13
167,Atbasar,KZ,2022-02-03 02:28:51,51.8,68.3333,5.79,92,98,3.04
168,Gewane,ET,2022-02-03 02:28:51,10.1664,40.6453,74.23,53,95,4.41
169,Port Hedland,AU,2022-02-03 02:28:51,-20.3167,118.5667,93.25,27,92,12.66
170,Grindavik,IS,2022-02-03 02:28:52,63.8424,-22.4338,23.47,86,20,6.91
171,Namibe,AO,2022-02-03 02:28:52,-15.1961,12.1522,71.26,73,44,8.03
172,Oskemen,KZ,2022-02-03 02:28:53,49.9565,82.6119,-13.04,76,100,2.24
173,San Quintin,MX,2022-02-03 02:28:53,30.4833,-115.95,58.17,66,0,6.35
174,Katherine,AU,2022-02-03 02:28:53,-14.4667,132.2667,88.12,62,75,10.36
175,Roald,NO,2022-02-03 02:28:54,62.5833,6.1333,34.32,74,100,16.11
176,Rio Grande,BR,2022-02-03 02:28:54,-32.035,-52.0986,75.31,83,0,18.23
177,Vardo,NO,2022-02-03 02:28:54,70.3705,31.1107,29.57,56,100,19.44
178,Saint George,US,2022-02-03 02:28:55,37.1041,-113.5841,38.62,22,0,1.01
179,Vikhorevka,RU,2022-02-03 02:28:55,56.1201,101.1636,-11.61,100,82,1.7
180,Tuktoyaktuk,CA,2022-02-03 02:29:55,69.4541,-133.0374,-20.2,69,75,13.8
181,Kenai,US,2022-02-03 02:28:05,60.5544,-151.2583,22.03,81,40,10.36
182,Longyearbyen,SJ,2022-02-03 02:29:56,78.2186,15.6401,17.44,57,0,20.71
183,Taoudenni,ML,2022-02-03 02:26:29,22.6783,-3.9836,62.19,23,92,11.59
184,Tual,ID,2022-02-03 02:29:56,-5.6667,132.75,82.22,77,95,11.07
185,Opuwo,NA,2022-02-03 02:29:56,-18.0607,13.84,61.68,65,4,2.91
186,Centerville,US,2022-02-03 02:29:45,39.6284,-84.1594,45.41,96,100,1.01
187,Inhambane,MZ,2022-02-03 02:29:57,-23.865,35.3833,75.07,86,28,2.8
188,Chapais,CA,2022-02-03 02:29:57,49.7834,-74.8492,6.58,92,100,7.92
189,West Bay,KY,2022-02-03 02:29:57,19.3667,-81.4167,78.08,85,20,1.99
190,Makokou,GA,2022-02-03 02:29:58,0.5738,12.8642,69.96,95,100,2.59
191,Tilichiki,RU,2022-02-03 02:29:58,60.4667,166.1,5.4,80,86,10.29
192,Souillac,MU,2022-02-03 02:29:58,-20.5167,57.5167,79.36,94,75,25.32
193,Gravdal,NO,2022-02-03 02:29:59,68.1214,13.5031,24.4,65,100,10.13
194,Ialibu,PG,2022-02-03 02:29:59,-6.2821,143.9935,64.2,64,100,2.66
195,Bonfim,BR,2022-02-03 02:29:59,3.0833,-59.95,80.42,60,38,6.76
196,Adrar,MR,2022-02-03 02:30:00,20.5022,-10.0711,65.08,19,0,11.32
197,Balabac,PH,2022-02-03 02:30:00,7.9868,117.0645,81.41,78,87,14.45
198,Torrijos,ES,2022-02-03 02:30:01,39.9819,-4.2835,49.84,66,98,1.79
199,Baykit,RU,2022-02-03 02:30:02,61.67,96.37,7.63,97,100,2.44
200,Cidreira,BR,2022-02-03 02:30:02,-30.1811,-50.2056,75.74,87,5,20.18
201,Sao Filipe,CV,2022-02-03 02:30:03,14.8961,-24.4956,73.54,75,0,11.36
202,Tiznit,MA,2022-02-03 02:30:04,29.5833,-9.5,63.18,29,1,8.63
203,Bengkulu,ID,2022-02-03 02:29:15,-3.8004,102.2655,81.84,71,83,3.0
204,Kaeo,NZ,2022-02-03 02:30:05,-35.1,173.7833,76.32,78,89,11.41
205,Karatuzskoye,RU,2022-02-03 02:30:06,53.6072,92.8667,-5.78,97,68,0.94
206,Esperance,AU,2022-02-03 02:26:03,-33.8667,121.9,75.04,50,5,14.81
207,Majene,ID,2022-02-03 02:30:07,-3.5403,118.9707,84.56,67,100,2.04
208,Itarema,BR,2022-02-03 02:30:08,-2.9248,-39.9167,79.05,80,100,10.29
209,Canmore,CA,2022-02-03 02:25:17,51.0834,-115.3521,12.31,66,100,11.5
210,Chuy,UY,2022-02-03 02:30:09,-33.6971,-53.4616,70.83,88,0,11.56
211,Upernavik,GL,2022-02-03 02:30:09,72.7868,-56.1549,-8.46,65,100,7.0
212,Broome,US,2022-02-03 02:28:09,42.2506,-75.833,40.37,74,100,1.99
213,Faya,SA,2022-02-03 02:26:15,18.3851,42.4509,51.91,70,51,1.86
214,Xinzhou,CN,2022-02-03 02:30:10,38.4092,112.7333,27.32,21,5,2.26
215,Aksu,CN,2022-02-03 02:30:10,41.1231,80.2644,26.6,44,100,3.11
216,Vanimo,PG,2022-02-03 02:30:11,-2.6741,141.3028,82.54,74,79,4.43
217,Port Said,EG,2022-02-03 02:30:11,31.2565,32.2841,59.07,53,0,15.23
218,Timizart,DZ,2022-02-03 02:30:12,36.8,4.2667,49.19,48,0,6.85
219,Aranos,NA,2022-02-03 02:30:12,-24.1333,19.1167,68.36,82,41,7.02
220,Saint-Philippe,RE,2022-02-03 02:30:13,-21.3585,55.7679,78.39,93,100,36.15
221,Pangody,RU,2022-02-03 02:30:13,65.85,74.4859,4.35,96,100,12.95
222,Wewak,PG,2022-02-03 02:30:13,-3.5534,143.6268,80.01,82,98,7.14
223,Airai,TL,2022-02-03 02:29:03,-8.9266,125.4092,69.55,70,99,4.14
224,Pervoye Maya,RU,2022-02-03 02:31:14,56.164,44.7196,15.51,97,100,2.04
225,Mehamn,NO,2022-02-03 02:31:15,71.0357,27.8492,25.56,75,100,11.27
226,Bilma,NE,2022-02-03 02:31:15,18.6853,12.9164,52.75,32,0,13.6
227,Ahipara,NZ,2022-02-03 02:31:15,-35.1667,173.1667,75.38,65,89,14.2
228,Nanortalik,GL,2022-02-03 02:31:16,60.1432,-45.2371,18.12,69,100,10.69
229,Paita,PE,2022-02-03 02:31:16,-5.0892,-81.1144,72.54,75,47,14.41
230,Asyut,EG,2022-02-03 02:31:16,27.181,31.1837,53.67,40,0,7.29
231,Krasnogorsk,RU,2022-02-03 02:31:17,55.8225,37.3181,23.25,86,100,6.71
232,Bredasdorp,ZA,2022-02-03 02:30:38,-34.5322,20.0403,59.29,81,0,6.2
233,Menongue,AO,2022-02-03 02:31:17,-14.6585,17.691,65.3,63,36,4.52
234,Pelagiada,RU,2022-02-03 02:31:18,45.2064,42.0236,38.75,70,0,4.47
235,Provideniya,RU,2022-02-03 02:31:18,64.3833,-173.3,2.41,72,100,21.0
236,Kilindoni,TZ,2022-02-03 02:31:18,-7.9139,39.6668,80.69,78,100,11.1
237,Honiara,SB,2022-02-03 02:29:00,-9.4333,159.95,81.73,84,100,7.27
238,Hornepayne,CA,2022-02-03 02:31:19,49.2138,-84.7705,-9.98,90,27,6.58
239,High Rock,BS,2022-02-03 02:31:19,26.6208,-78.2833,69.82,67,31,16.93
240,Port Blair,IN,2022-02-03 02:31:19,11.6667,92.75,78.84,78,40,4.61
241,Lobito,AO,2022-02-03 02:31:20,-12.3481,13.5456,73.36,78,16,2.77
242,Danjiangkou,CN,2022-02-03 02:31:20,32.5428,111.5086,50.05,43,98,4.23
243,Eirunepe,BR,2022-02-03 02:31:20,-6.6603,-69.8736,73.09,98,100,1.19
244,Cap-Aux-Meules,CA,2022-02-03 02:30:03,47.3821,-61.8597,30.25,86,75,14.97
245,Baglan,AF,2022-02-03 02:31:21,36.1307,68.7083,41.7,91,91,3.02
246,Tete,MZ,2022-02-03 02:31:21,-16.1564,33.5867,72.32,92,89,1.43
247,Cabcab,PH,2022-02-03 02:31:21,13.6268,124.0515,79.54,81,91,11.5
248,La Palma,US,2022-02-03 02:31:22,33.8464,-118.0467,61.68,17,0,5.99
249,Georgetown,MY,2022-02-03 02:28:14,5.4112,100.3354,85.93,83,20,3.44
250,Cabedelo,BR,2022-02-03 02:28:04,-6.9811,-34.8339,81.27,76,63,11.27
251,Ahwa,IN,2022-02-03 02:31:22,20.75,73.6833,66.11,42,8,1.99
252,Zabol,AF,2022-02-03 02:31:23,32.25,67.25,31.28,86,5,7.9
253,Coquimbo,CL,2022-02-03 02:31:20,-29.9533,-71.3436,62.33,88,20,5.75
254,Kabacan,PH,2022-02-03 02:31:23,7.1167,124.8167,78.22,73,100,1.61
255,Ozernovskiy,RU,2022-02-03 02:31:23,51.5,156.5167,28.6,77,100,7.4
256,Aquidauana,BR,2022-02-03 02:31:24,-20.4711,-55.7872,73.2,96,32,4.16
257,Sitka,US,2022-02-03 02:26:57,57.0531,-135.33,37.29,100,100,4.61
258,Vep,HU,2022-02-03 02:31:24,47.2304,16.7225,39.36,69,8,14.07
259,Ostersund,SE,2022-02-03 02:31:25,63.1792,14.6357,3.65,92,75,2.3
260,Cervo,ES,2022-02-03 02:31:25,43.6702,-7.4101,51.73,77,100,4.7
261,Tabas,IR,2022-02-03 02:31:25,33.5959,56.9244,42.55,42,0,0.94
262,Tres Lagoas,BR,2022-02-03 02:31:26,-20.7511,-51.6783,73.53,91,100,5.95
263,Nizhniy Ingash,RU,2022-02-03 02:31:26,56.2,96.53,2.91,95,100,3.02
264,Panacan,PH,2022-02-03 02:31:26,9.2463,118.4082,83.41,71,31,11.21
265,Scottsbluff,US,2022-02-03 02:28:02,41.8666,-103.6672,4.32,78,100,5.75
266,Urumqi,CN,2022-02-03 02:31:27,43.801,87.6005,-4.85,84,97,0.0
267,Conceicao Do Araguaia,BR,2022-02-03 02:31:27,-8.2578,-49.2647,73.02,94,15,3.85
268,Kanina,CD,2022-02-03 02:31:28,-10.7341,25.4699,59.56,97,100,2.21
269,Camargo,MX,2022-02-03 02:32:28,27.6667,-105.1667,55.2,46,100,20.33
270,Fortuna,US,2022-02-03 02:32:28,40.5982,-124.1573,48.97,85,100,1.01
271,Punta Alta,AR,2022-02-03 02:30:14,-38.8759,-62.0736,72.91,63,100,9.48
272,Mareeba,AU,2022-02-03 02:32:29,-17.0,145.4333,89.47,81,100,7.43
273,Tubuala,PA,2022-02-03 02:32:29,9.5167,-79.0333,79.34,81,22,11.34
274,Tungor,RU,2022-02-03 02:32:29,53.3808,142.9564,3.87,93,100,27.38
275,San Patricio,US,2022-02-03 02:32:30,28.017,-97.5169,72.01,80,100,6.8
276,Daoukro,CI,2022-02-03 02:32:30,7.0591,-3.9631,64.26,23,10,1.14
277,Antofagasta,CL,2022-02-03 02:32:30,-23.65,-70.4,65.48,78,17,4.12
278,Redmond,US,2022-02-03 02:29:28,47.674,-122.1215,44.78,88,100,4.0
279,Mizque,BO,2022-02-03 02:32:31,-17.941,-65.3402,63.28,83,85,2.93
280,Saint-Georges,GD,2022-02-03 02:29:19,12.0564,-61.7485,78.48,78,20,17.27
281,Kieta,PG,2022-02-03 02:32:31,-6.2167,155.6333,80.19,87,100,12.57
282,Dingle,PH,2022-02-03 02:32:32,10.9995,122.6711,83.93,69,76,13.82
283,Naigarhi,IN,2022-02-03 02:32:32,24.7833,81.7833,62.65,59,0,10.96
284,Cassilandia,BR,2022-02-03 02:32:32,-19.1133,-51.7342,70.68,96,100,3.27
285,Campbell River,CA,2022-02-03 02:30:16,50.0163,-125.2446,35.26,100,100,3.44
286,Norsup,VU,2022-02-03 02:32:33,-16.0667,167.3833,85.42,70,81,9.46
287,Sabang,ID,2022-02-03 02:32:33,5.8933,95.3214,82.02,73,15,13.87
288,Azul,AR,2022-02-03 02:30:06,-36.777,-59.8585,66.79,96,100,17.54
289,Vytegra,RU,2022-02-03 02:32:34,61.0064,36.4481,7.52,98,94,3.0
290,Keti Bandar,PK,2022-02-03 02:32:34,24.1447,67.4497,67.69,36,5,13.6
291,Huarmey,PE,2022-02-03 02:32:34,-10.0681,-78.1522,71.28,81,100,9.73
292,Onega,RU,2022-02-03 02:32:35,63.9061,38.1404,4.59,98,92,1.79
293,Nautanwa,IN,2022-02-03 02:32:35,27.4333,83.4167,60.4,60,65,7.36
294,Lagos,NG,2022-02-03 02:30:37,6.5833,3.75,73.72,94,25,1.5
295,Port Hardy,CA,2022-02-03 02:32:35,50.6996,-127.4199,37.58,93,100,16.11
296,Palu,ID,2022-02-03 02:29:41,-0.8917,119.8707,86.88,57,100,0.65
297,Acarau,BR,2022-02-03 02:31:08,-2.8856,-40.12,78.75,81,100,11.1
298,Najran,SA,2022-02-03 02:32:36,17.4924,44.1277,52.45,43,61,2.37
299,Pokhara,NP,2022-02-03 02:31:30,28.2333,83.9833,55.56,61,90,1.92
300,Ostrovnoy,RU,2022-02-03 02:32:36,68.0531,39.5131,20.16,90,100,14.52
301,Pisco,PE,2022-02-03 02:32:37,-13.7,-76.2167,68.05,83,0,13.8
302,Barra Do Bugres,BR,2022-02-03 02:30:35,-15.0725,-57.1811,72.7,97,89,3.98
303,Mar Del Plata,AR,2022-02-03 02:31:06,-38.0023,-57.5575,69.82,94,100,6.91
304,Rocha,UY,2022-02-03 02:32:37,-34.4833,-54.3333,66.13,96,6,7.29
305,Semey,KZ,2022-02-03 02:32:38,50.4111,80.2275,-12.78,77,51,4.47
306,Belaya Gora,RU,2022-02-03 02:32:38,68.5333,146.4167,-25.74,99,24,0.58
307,Verkhnyaya Inta,RU,2022-02-03 02:32:38,65.9811,60.3094,15.46,96,100,5.37
308,Uray,RU,2022-02-03 02:32:39,60.1247,64.7758,12.06,96,78,7.45
309,Chokurdakh,RU,2022-02-03 02:32:39,70.6333,147.9167,-22.56,98,71,6.44
310,Sibolga,ID,2022-02-03 02:32:39,1.7427,98.7792,84.22,65,34,2.42
311,Sakakah,SA,2022-02-03 02:30:41,29.9697,40.2064,51.37,44,98,6.69
312,Villavieja,ES,2022-02-03 02:33:40,39.85,-0.1833,54.59,64,24,4.88
313,Saint Anthony,US,2022-02-03 02:30:12,45.0205,-93.218,2.25,62,0,5.01
314,Solikamsk,RU,2022-02-03 02:33:40,59.6196,56.7729,20.59,94,100,8.21
315,Saint-Augustin,CA,2022-02-03 02:33:40,51.226,-58.6502,26.2,91,100,19.73
316,Ust-Koksa,RU,2022-02-03 02:33:41,50.2696,85.6108,-3.48,96,54,0.81
317,Lagoa Da Canoa,BR,2022-02-03 02:33:41,-9.8297,-36.7378,73.2,84,55,6.67
318,Port Lincoln,AU,2022-02-03 02:31:29,-34.7333,135.8667,67.06,56,32,15.05
319,Hatillo,PR,2022-02-03 02:33:41,18.4863,-66.8254,77.9,89,2,1.99
320,Orotukan,RU,2022-02-03 02:33:42,62.2667,151.7,-10.64,99,100,3.31
321,Leningradskiy,RU,2022-02-03 02:33:42,69.3833,178.4167,-13.7,93,23,9.89
322,North Guwahati,IN,2022-02-03 02:33:43,26.2014,91.7236,51.75,93,40,0.0
323,Iqaluit,CA,2022-02-03 02:29:52,63.7506,-68.5145,8.33,84,75,10.0
324,Kruisfontein,ZA,2022-02-03 02:33:43,-34.0033,24.7314,68.88,84,100,10.2
325,Ponta Delgada,PT,2022-02-03 02:33:43,37.7333,-25.6667,60.49,77,20,8.05
326,Husavik,IS,2022-02-03 02:33:44,66.0449,-17.3389,6.71,95,95,0.85
327,Yerbogachen,RU,2022-02-03 02:33:44,61.2767,108.0108,-0.53,96,100,6.31
328,Oussouye,SN,2022-02-03 02:33:44,12.485,-16.5469,75.38,91,29,4.65
329,Tambopata,PE,2022-02-03 02:33:45,-12.7333,-69.1833,70.79,96,63,2.62
330,Gazli,UZ,2022-02-03 02:33:45,40.1333,63.45,38.37,64,0,9.33
331,Necochea,AR,2022-02-03 02:30:05,-38.5473,-58.7368,69.04,72,75,11.52
332,Acapulco,MX,2022-02-03 02:32:02,16.8634,-99.8901,78.62,69,0,8.05
333,Kalmunai,LK,2022-02-03 02:33:45,7.4167,81.8167,77.77,69,53,3.29
334,Marawi,PH,2022-02-03 02:33:46,7.9986,124.2928,73.65,58,100,3.49
335,Portland,US,2022-02-03 02:28:59,45.5234,-122.6762,46.15,95,100,1.01
336,Nhulunbuy,AU,2022-02-03 02:33:46,-12.2333,136.7667,86.61,74,75,13.8
337,Bato,PH,2022-02-03 02:33:46,13.3528,123.3677,82.33,74,66,5.1
338,Marzuq,YE,2022-02-03 02:33:47,14.4,46.4667,57.31,42,14,3.2
339,Svetlaya,RU,2022-02-03 02:33:47,46.5389,138.3297,16.48,52,8,8.43
340,Nikel,RU,2022-02-03 02:33:47,69.4128,30.222,1.58,96,100,4.0
341,Manaure,CO,2022-02-03 02:33:48,11.7751,-72.4445,78.1,80,1,16.24
342,Yumen,CN,2022-02-03 02:33:48,40.2833,97.2,23.79,41,23,5.14
343,Ribeira Grande,PT,2022-02-03 02:33:48,38.5167,-28.7,59.11,70,15,3.06
344,Mount Isa,AU,2022-02-03 02:33:49,-20.7333,139.5,83.97,65,75,14.97
345,Narsaq,GL,2022-02-03 02:33:49,60.9167,-46.05,5.22,58,100,15.23
346,Folldal,NO,2022-02-03 02:33:49,62.1325,9.9968,4.01,97,66,5.32
347,Hobyo,SO,2022-02-03 02:33:50,5.3505,48.5268,77.61,73,100,17.16
348,Watsa,CD,2022-02-03 02:33:50,3.0372,29.5355,65.17,45,81,2.15
349,Aykhal,RU,2022-02-03 02:33:50,66.0,111.5,-18.45,100,6,2.89
350,Tartagal,AR,2022-02-03 02:30:32,-22.5164,-63.8013,71.87,84,100,3.02
351,Keuruu,FI,2022-02-03 02:33:51,62.2667,24.7,7.81,98,98,0.76
352,Lethem,GY,2022-02-03 02:33:51,3.3803,-59.7968,79.36,64,13,7.83
353,Aklavik,CA,2022-02-03 02:33:51,68.2191,-135.0107,-24.77,98,100,4.18
354,Roros,NO,2022-02-03 02:33:52,62.5747,11.3842,1.24,78,86,4.61
355,Teguldet,RU,2022-02-03 02:33:52,57.3064,88.1667,7.59,98,100,4.16
356,Aasiaat,GL,2022-02-03 02:33:52,68.7098,-52.8699,-6.86,81,100,17.98
357,Deputatskiy,RU,2022-02-03 02:33:53,69.3,139.9,-23.24,92,41,5.28
358,Camden,US,2022-02-03 02:33:53,39.7835,-74.9663,41.58,93,100,2.84
359,Neryungri,RU,2022-02-03 02:33:54,56.6709,124.6491,-8.43,91,100,11.88
360,Kibala,TD,2022-02-03 02:34:54,9.1104,18.3463,67.95,32,0,0.0
361,Gallup,US,2022-02-03 02:32:21,35.5281,-108.7426,21.96,82,40,0.0
362,Lahaina,US,2022-02-03 02:34:54,20.8783,-156.6825,83.44,81,13,5.44
363,Wau,SS,2022-02-03 02:34:55,7.7029,27.9953,73.99,24,75,4.36
364,Keshabpur,BD,2022-02-03 02:34:55,22.9183,89.2112,72.1,62,1,6.6
365,Veraval,IN,2022-02-03 02:34:55,20.9,70.3667,72.48,79,30,12.3
366,Ruidoso,US,2022-02-03 02:34:56,33.3317,-105.673,33.71,84,100,11.5
367,Mafinga,TZ,2022-02-03 02:34:56,-7.25,35.0667,64.26,98,100,1.77
368,Padang,ID,2022-02-03 02:34:56,-0.9492,100.3543,78.85,66,68,1.01
369,Tura,IN,2022-02-03 02:34:57,25.5198,90.2201,64.71,43,69,1.59
370,Sur,OM,2022-02-03 02:34:57,22.5667,59.5289,70.45,54,0,19.35
371,Talnakh,RU,2022-02-03 02:34:57,69.4865,88.3972,-10.64,98,100,6.78
372,Marsa Matruh,EG,2022-02-03 02:34:58,31.3525,27.2453,53.87,61,100,19.42
373,Tres Arroyos,AR,2022-02-03 02:34:58,-38.3739,-60.2798,71.4,68,100,5.64
374,Black River,JM,2022-02-03 02:34:58,18.0264,-77.8487,78.8,85,2,5.35
375,Krasnokholm,RU,2022-02-03 02:34:59,51.5979,54.1567,23.45,93,100,9.26
376,Merced,US,2022-02-03 02:30:06,37.1666,-120.7516,55.02,31,0,6.73
377,Caravelas,BR,2022-02-03 02:34:59,-17.7125,-39.2481,75.45,91,17,3.4
378,Batemans Bay,AU,2022-02-03 02:34:59,-35.7167,150.1833,75.2,47,11,11.12
379,Liverpool,GB,2022-02-03 02:34:13,53.4106,-2.9779,48.7,86,100,1.99
380,Diapaga,BF,2022-02-03 02:35:00,12.0708,1.7889,65.61,12,30,7.31
381,Poya,NC,2022-02-03 02:35:00,-21.35,165.15,86.56,60,1,5.66
382,Chifeng,CN,2022-02-03 02:35:01,42.2683,118.9636,14.45,43,1,10.0
383,Gambela,ET,2022-02-03 02:35:01,8.25,34.5833,80.1,37,60,2.89
384,Shingu,JP,2022-02-03 02:35:01,33.7333,135.9833,49.19,42,100,10.16
385,Kokoda,PG,2022-02-03 02:35:01,-8.8785,147.7407,84.31,73,91,1.57
386,Kismayo,SO,2022-02-03 02:35:02,-0.3582,42.5454,78.13,87,91,12.21
387,Ayr,GB,2022-02-03 02:35:02,55.4627,-4.6339,49.1,87,100,13.8
388,Abu Kamal,SY,2022-02-03 02:35:03,34.4506,40.9171,48.87,52,100,9.64
389,Luis Correia,BR,2022-02-03 02:35:03,-2.8792,-41.6669,82.4,89,75,11.5
390,Qaqortoq,GL,2022-02-03 02:35:04,60.7167,-46.0333,5.5,52,100,16.96
391,Ovalle,CL,2022-02-03 02:35:04,-30.5983,-71.2003,68.74,59,0,2.75
392,Micheweni,TZ,2022-02-03 02:35:04,-4.9667,39.8333,79.5,82,98,9.08
393,Berbera,SO,2022-02-03 02:35:05,10.4396,45.0143,73.38,80,1,6.6
394,Mandurah,AU,2022-02-03 02:31:07,-32.55,115.7,90.14,36,0,11.03
395,Kudahuvadhoo,MV,2022-02-03 02:35:05,2.6708,72.8944,81.61,71,3,8.43
396,West Lafayette,US,2022-02-03 02:34:31,40.4259,-86.9081,27.1,90,100,14.97
397,Solhan,TR,2022-02-03 02:35:05,38.9634,41.0293,24.15,93,100,5.28
398,Mana,GF,2022-02-03 02:35:06,5.6592,-53.7767,77.27,84,98,10.6
399,Isangel,VU,2022-02-03 02:35:06,-19.55,169.2667,89.71,70,75,4.61
400,Ambon,ID,2022-02-03 02:30:28,-3.6954,128.1814,89.74,58,20,9.22
401,Port Moresby,PG,2022-02-03 02:35:07,-9.4431,147.1797,89.02,58,40,11.5
402,Da Nang,VN,2022-02-03 02:34:38,16.0678,108.2208,73.38,68,75,4.61
403,Dubti,ET,2022-02-03 02:35:07,11.7361,41.0853,74.05,67,95,9.89
404,Sinop,TR,2022-02-03 02:32:42,41.7711,34.8709,39.06,80,100,12.57
405,Tyukhtet,RU,2022-02-03 02:36:08,56.5389,89.3011,6.28,98,91,4.05
406,Granville,AU,2022-02-03 02:36:08,-33.8333,151.0167,76.01,60,62,5.01
407,Semporna,MY,2022-02-03 02:36:08,4.4818,118.6112,86.2,70,86,5.39
408,Feijo,BR,2022-02-03 02:36:08,-8.1642,-70.3536,71.91,99,100,2.77
409,Eureka,US,2022-02-03 02:35:20,40.8021,-124.1637,49.24,84,50,10.0
410,Nabire,ID,2022-02-03 02:36:09,-3.3667,135.4833,83.1,76,100,6.29
411,Kulhudhuffushi,MV,2022-02-03 02:36:09,6.6221,73.07,81.14,68,25,6.08
412,Aviles,ES,2022-02-03 02:36:10,43.5547,-5.9248,53.73,77,0,1.99
413,Benjamin Constant,BR,2022-02-03 02:36:10,-4.3831,-70.0311,75.33,99,97,1.25
414,Bowen,AU,2022-02-03 02:36:10,-20.0167,148.2333,91.62,69,100,9.95
415,Christchurch,NZ,2022-02-03 02:31:50,-43.5333,172.6333,76.32,77,100,5.01
416,Lithgow,AU,2022-02-03 02:36:11,-33.4833,150.15,72.09,50,72,5.32
417,Horsham,GB,2022-02-03 02:36:11,51.064,-0.3272,48.11,72,75,6.91
418,Palmer,US,2022-02-03 02:36:11,42.1584,-72.3287,39.85,81,75,0.0
419,Kahului,US,2022-02-03 02:36:12,20.8947,-156.47,83.46,71,20,11.5
420,Aksarka,RU,2022-02-03 02:36:12,66.5606,67.7975,2.23,98,100,4.74
421,Naze,JP,2022-02-03 02:36:12,28.3667,129.4833,54.52,85,100,19.62
422,Benalla,AU,2022-02-03 02:36:13,-36.55,145.9833,73.15,27,0,15.35
423,Hildburghausen,DE,2022-02-03 02:36:13,50.4255,10.7318,36.18,96,100,3.38
424,Hit,IQ,2022-02-03 02:36:13,33.6416,42.8251,50.41,45,100,5.23
425,Port Shepstone,ZA,2022-02-03 02:36:14,-30.7414,30.455,76.05,90,90,4.43
426,Floro,NO,2022-02-03 02:36:14,61.5996,5.0328,35.96,69,100,18.41
427,Barsi,IN,2022-02-03 02:36:14,18.2333,75.7,73.8,26,78,7.2
428,Atherton,GB,2022-02-03 02:36:15,53.5237,-2.4935,48.29,86,100,3.0
429,Statesboro,US,2022-02-03 02:36:15,32.4488,-81.7832,62.4,82,100,3.44
430,Kizukuri,JP,2022-02-03 02:36:15,40.8061,140.3861,33.12,53,100,22.19
431,Samarai,PG,2022-02-03 02:36:16,-10.6167,150.6667,84.88,67,100,9.89
432,Solnechnyy,RU,2022-02-03 02:36:16,50.7214,136.6319,5.02,87,96,2.17
433,Los Llanos De Aridane,ES,2022-02-03 02:36:16,28.6585,-17.9182,60.55,82,0,8.05
434,Severnyy,RU,2022-02-03 02:36:17,50.677,36.5532,26.64,100,100,4.47
435,Stornoway,GB,2022-02-03 02:36:17,58.2093,-6.3865,48.16,92,75,7.0
436,Lasa,IT,2022-02-03 02:36:17,46.6166,10.7002,38.28,94,50,8.19
437,Glenwood Springs,US,2022-02-03 02:36:18,39.5505,-107.3248,18.41,78,100,5.75
438,Arenapolis,BR,2022-02-03 02:36:18,-14.4503,-56.8461,71.98,96,49,3.58
439,Babu,CN,2022-02-03 02:36:18,24.4167,111.5167,41.4,88,97,5.17
440,Henties Bay,NA,2022-02-03 02:36:19,-22.116,14.2845,67.86,85,1,5.41
441,Kotel,BG,2022-02-03 02:36:19,42.8833,26.45,35.15,94,100,7.54
442,Erenhot,CN,2022-02-03 02:36:19,43.6475,111.9767,2.93,80,6,4.63
443,Turayf,SA,2022-02-03 02:36:20,31.6725,38.6637,44.85,61,0,16.11
444,Mahon,ES,2022-02-03 02:36:20,39.8885,4.2658,48.76,93,0,6.91
445,Boysun,UZ,2022-02-03 02:36:20,38.2061,67.1986,29.88,73,78,5.14
446,Presidencia Roque Saenz Pena,AR,2022-02-03 02:36:21,-26.7852,-60.4388,86.79,29,94,4.32
447,Konstancin-Jeziorna,PL,2022-02-03 02:36:21,52.0938,21.1176,32.16,86,20,8.05
448,Alta Gracia,AR,2022-02-03 02:36:21,-31.6529,-64.4283,72.72,75,55,3.87
449,Quelimane,MZ,2022-02-03 02:36:22,-17.8786,36.8883,76.95,88,20,0.0
450,Dudinka,RU,2022-02-03 02:36:22,69.4058,86.1778,-15.27,100,100,5.26
451,Abu Samrah,SY,2022-02-03 02:36:22,35.3029,37.1841,46.2,57,81,11.48
452,Dehui,CN,2022-02-03 02:36:23,44.5333,125.7,10.71,60,50,7.74
453,Deniliquin,AU,2022-02-03 02:36:10,-35.5333,144.9667,77.85,22,0,16.75
454,Abomsa,ET,2022-02-03 02:37:23,9.9833,39.9833,65.21,62,99,3.83
455,San Carlos De Bariloche,AR,2022-02-03 02:37:23,-41.1456,-71.3082,64.15,63,0,10.36
456,La Libertad,EC,2022-02-03 02:37:24,-2.2333,-80.9,76.41,76,56,11.16
457,Kavaratti,IN,2022-02-03 02:37:24,10.5669,72.642,79.79,70,11,8.88
458,Saldanha,ZA,2022-02-03 02:37:24,-33.0117,17.9442,62.65,90,0,8.28
459,Vila Velha,BR,2022-02-03 02:37:25,-20.3297,-40.2925,76.95,94,75,1.01
460,Issia,CI,2022-02-03 02:37:25,6.4922,-6.5856,65.86,35,38,1.72
461,Litovko,RU,2022-02-03 02:37:25,49.2361,135.1742,-1.95,93,97,0.85
462,Taksimo,RU,2022-02-03 02:37:25,56.3444,114.8794,-10.17,85,23,0.96
463,Tarakan,ID,2022-02-03 02:37:26,3.3,117.6333,80.76,72,87,4.9
464,Irbit,RU,2022-02-03 02:37:26,57.6705,63.071,11.05,97,85,5.48
465,Carauari,BR,2022-02-03 02:34:48,-4.8828,-66.8958,73.33,99,100,2.59
466,Monroe,US,2022-02-03 02:34:19,43.1501,-77.6831,39.96,79,100,9.22
467,Aleksandrovskoye,RU,2022-02-03 02:37:27,44.7142,43.0008,30.34,84,27,4.03
468,Hervey Bay,AU,2022-02-03 02:32:37,-25.2986,152.8535,88.03,73,99,10.49
469,Gboko,NG,2022-02-03 02:37:27,7.3179,8.9951,75.79,34,30,3.85
470,Sao Pedro Do Sul,BR,2022-02-03 02:37:28,-29.6206,-54.1789,75.85,44,7,7.7
471,Crestview,US,2022-02-03 02:36:06,30.7621,-86.5705,65.3,85,100,8.01
472,Waipawa,NZ,2022-02-03 02:34:16,-41.4122,175.5153,72.23,62,99,12.55
473,Mineiros,BR,2022-02-03 02:37:28,-17.5694,-52.5511,68.04,96,79,5.03
474,Bubaque,GW,2022-02-03 02:37:29,11.2833,-15.8333,77.52,79,13,6.93
475,Kauhajoki,FI,2022-02-03 02:37:29,62.4333,22.1833,10.4,99,99,0.98
476,Neiafu,TO,2022-02-03 02:37:29,-18.65,-173.9833,84.88,70,75,5.75
477,Shemgang,BT,2022-02-03 02:37:30,27.2169,90.6579,42.22,75,60,2.57
478,Chokwe,MZ,2022-02-03 02:37:30,-24.5333,32.9833,74.77,80,9,5.03
479,Hondo,JP,2022-02-03 02:37:30,32.45,130.2,46.35,57,100,9.17
480,Chengde,CN,2022-02-03 02:37:31,40.9725,117.9361,19.83,35,4,7.43
481,Farafangana,MG,2022-02-03 02:36:23,-22.8167,47.8333,73.4,81,30,6.46
482,Bastia,FR,2022-02-03 02:37:31,42.6667,9.3333,54.03,57,0,5.01
483,Rincon,US,2022-02-03 02:37:31,32.296,-81.2354,63.05,95,100,4.61
484,Bell Ville,AR,2022-02-03 02:37:32,-32.6259,-62.6887,73.71,62,94,13.29
485,Camana,PE,2022-02-03 02:37:32,-16.6228,-72.7111,71.11,83,73,7.2
486,Bagotville,AU,2022-02-03 02:37:32,-28.9833,153.4167,73.22,94,100,17.07
487,Vilhena,BR,2022-02-03 02:35:25,-12.7406,-60.1458,68.23,98,100,2.39
488,Gerash,IR,2022-02-03 02:37:33,27.6652,54.1371,41.14,37,0,2.46
489,Dicabisagan,PH,2022-02-03 02:37:33,17.0818,122.4157,78.13,72,86,4.32
490,Dharampur,IN,2022-02-03 02:37:33,20.5333,73.1833,69.04,53,23,3.94
491,Vuktyl,RU,2022-02-03 02:37:03,63.8567,57.3094,17.42,96,99,6.11
492,Laki,BG,2022-02-03 02:37:34,41.85,24.8167,30.36,90,100,7.0
493,Oistins,BB,2022-02-03 02:37:34,13.0667,-59.5333,77.09,78,40,19.57
494,Nemuro,JP,2022-02-03 02:37:35,43.3236,145.575,30.63,66,5,7.31
495,Teya,RU,2022-02-03 02:37:35,60.3778,92.6267,14.27,91,100,6.73
496,San Juan,AR,2022-02-03 02:37:30,-31.5375,-68.5364,78.76,44,96,11.97
497,Vigrestad,NO,2022-02-03 02:37:35,58.5667,5.7,41.0,96,100,11.23
498,Pontes E Lacerda,BR,2022-02-03 02:37:36,-15.2261,-59.3353,73.33,97,100,2.93
499,Baherden,TM,2022-02-03 02:38:36,38.4362,57.4316,45.79,37,5,7.07
500,Emba,KZ,2022-02-03 02:38:36,48.8264,58.1442,10.74,91,33,5.61
501,Nouadhibou,MR,2022-02-03 02:38:37,20.931,-17.0347,67.5,64,0,16.15
502,Rio Gallegos,AR,2022-02-03 02:38:37,-51.6226,-69.2181,50.05,71,20,6.91
503,Saravan,AM,2022-02-03 02:38:37,39.7196,45.6483,21.85,63,92,6.31
504,Constitucion,CL,2022-02-03 02:38:38,-35.3333,-72.4167,57.4,87,71,4.52
505,Ulladulla,AU,2022-02-03 02:38:38,-35.35,150.4667,72.5,51,32,13.49
506,Codrington,AU,2022-02-03 02:38:39,-38.2667,141.9667,62.78,58,99,17.02
507,Margate,GB,2022-02-03 02:38:39,51.3813,1.3862,47.75,85,100,3.0
508,Boston,US,2022-02-03 02:38:38,42.3584,-71.0598,40.21,91,100,0.0
509,Gazanjyk,TM,2022-02-03 02:38:40,39.2446,55.5154,44.74,44,2,10.8
510,Bayshore Gardens,US,2022-02-03 02:38:40,27.4253,-82.5904,70.18,65,0,8.05
511,Hirado,JP,2022-02-03 02:38:40,33.3597,129.5531,47.39,55,87,15.37
512,Durban,ZA,2022-02-03 02:38:40,-29.8579,31.0292,76.93,92,4,8.41
513,Atyrau,KZ,2022-02-03 02:38:41,47.1167,51.8833,30.22,100,40,0.0
514,Cayenne,GF,2022-02-03 02:35:26,4.9333,-52.3333,78.1,89,75,1.99
515,Asau,RO,2022-02-03 02:38:41,46.4333,26.4,25.72,86,100,4.56
516,Kupang,ID,2022-02-03 02:38:42,-10.1667,123.5833,82.09,77,20,12.57
517,Galle,LK,2022-02-03 02:34:13,6.0367,80.217,77.18,75,33,4.38
518,Chabahar,IR,2022-02-03 02:38:42,25.2919,60.643,68.11,33,0,6.4
519,Fundacion,CO,2022-02-03 02:38:43,10.5207,-74.185,83.86,81,8,2.51
520,Anadyr,RU,2022-02-03 02:38:43,64.75,177.4833,14.5,72,0,22.37
521,Andilamena,MG,2022-02-03 02:38:43,-17.0167,48.5833,62.85,96,100,3.09
522,Lincoln,US,2022-02-03 02:38:43,40.8,-96.667,14.38,43,75,5.01
523,Ocean Springs,US,2022-02-03 02:38:44,30.4113,-88.8278,64.53,100,40,5.75
524,Ajaccio,FR,2022-02-03 02:38:44,42.0,8.9167,42.85,87,0,6.91
525,Santa Cruz De La Palma,ES,2022-02-03 02:38:44,28.6835,-17.7642,64.54,82,0,8.05
526,Laguna,US,2022-02-03 02:34:52,38.421,-121.4238,54.1,40,0,10.36
527,Sfantu Gheorghe,RO,2022-02-03 02:38:45,45.8667,25.7833,31.93,98,100,2.71
528,San Luis,AR,2022-02-03 02:38:45,-33.295,-66.3356,68.56,54,0,4.18
529,Formosa,AR,2022-02-03 02:38:45,-26.1775,-58.1781,87.78,48,100,6.91
530,Gondanglegi,ID,2022-02-03 02:38:46,-7.7479,112.0132,85.46,69,26,3.09
531,Gat,IL,2022-02-03 02:38:46,31.61,34.7642,54.39,49,0,6.13
